,Lat_Lon,Lat,Lon,Artifbright,Radiance,AvgLux,Visit,People_Initials,Date,Moon,DailyMaxTemp_F,DailyMaxTemp_C,Day_Temp_30min,MeanTemp_10to4,Day_Weather,HOBO_ID,Stick_No,Trap,Day_Start_Time,Trap_Pickup_Time,Day_Total_Skeet,Day_Total_albo,Day_Ae_tris,Day_Ae_vex,Day_Ae_jap,Day_Cq_pert,Day_Cx_sp,Day_An_quad,Day_An_punct,Day_An_sp,SBCC,Notes_Field,Night_Total_Skeet,Night_Total_albo,Night_Ae_albo_F,Night_Ae_albo_M,Night_Ae_cana_F,Night_Ae_cana_M,Night_Ae_hender_F,Night_Ae_hender_M,Night_Ae_japo_F,Night_Ae_japo_M,Night_Ae_tris_F,Night_Ae_tris_M,Night_Ae_trivit_F,Night_Ae_trivit_M,Night_Ae_vex_F,Night_Ae_vex_M,Night_Cq_pert_F,Night_Cq_pert_M,Night_Cx_sp_F,Night_Cx_sp_M,Night_An_quad_F,Night_An_quad_M,Night_An_punct_F,Night_An_punct_M,Night_Ps_howar_F,Night_Ps_howar_M,Unknown
1,"38.59591, -90.60173",38.59591,-90.60173,2070,8.5,12.26,1,LJ_LT,7/11/2023,0.34,96,35.6,NA,NA,NA,9548,NA,C,67740,24300,6,5,0,0,1,0,0,0,0,0,Y,"I japo (maybe) had white spot on head, few stripes on legs near joints",1,1,0,1,0,0,0,0,0,0,0,0,0,0,0,0,0,0,0,0,0,0,0,0,0,0,0
2,"38.59823, -90.5981",38.59823,-90.5981,2320,8.3,0,1,LJ_LT,7/11/2023,0.34,96,35.6,29.77,22.41,NA,7233,NA,B,65640,23520,18,18,0,0,0,0,0,0,0,0,Y,NA,1,0,0,0,0,0,0,0,0,0,0,0,0,0,0,0,0,0,1,0,0,0,0,0,0,0,0
3,"38.65386, -90.19804",38.65386,-90.19804,9980,58.3,0.96,1,LJ_LT,7/12/2023,0.25,95,35,29.68,22.6,NA,7233,NA,A,64980,22980,39,38,0,1,0,0,0,0,0,0,Y,NA,3,2,1,1,0,0,0,0,0,0,0,0,0,0,0,0,0,0,1,0,0,0,0,0,0,0,0
4,"38.6018, -90.25168",38.6018,-90.25168,7810,32,0.06,1,LJ_LT,7/12/2023,0.25,95,35,NA,22.2,raining,6317,NA,D,NA,24900,2,2,0,0,0,0,0,0,0,0,Y,2 females @ 20:10,3,2,2,0,0,0,0,0,0,0,0,0,0,0,0,0,0,0,1,0,0,0,0,0,0,0,0
5,"38.59508, -90.25113",38.59508,-90.25113,7800,73.8,0.24,1,LJ_LT,7/12/2023,0.25,95,35,26.94,23.1,raining,6343,NA,C,70440,24180,0,0,0,0,0,0,0,0,0,0,N,NA,7,6,2,4,0,0,0,0,0,0,0,0,0,0,0,0,0,0,0,0,0,0,1,0,0,0,0
6,"38.60329, -90.26452",38.60329,-90.26452,7650,53.8,0.26,1,LJ_LT,7/12/2023,0.25,95,35,NA,21.82,raining,6318,NA,E,NA,25200,3,3,0,0,0,0,0,0,0,0,Y,NA,7,1,0,1,0,0,0,0,0,0,0,0,0,0,0,0,0,0,6,0,0,0,0,0,0,0,0
7,"38.61176, -90.31839",38.61176,-90.31839,6480,48.7,0.04,1,LJ_LT,7/17/2023,0,90,32.2,30.5,21.5,overcast,6343,8,C,66480,24840,42,40,0,1,1,0,0,0,0,0,Y,M+F,11,7,6,1,0,0,0,0,0,0,0,0,0,0,0,0,0,0,1,0,0,0,3,0,0,0,0
8,"38.60555, -90.3557",38.60555,-90.3557,4910,33.6,0.08,1,LJ_LT,7/17/2023,0,90,32.2,25,20.89,sunny,8327,7,D,68760,23940,42,41,0,0,1,0,0,0,0,0,Y,M+F,12,5,3,2,0,0,0,0,0,0,1,0,0,0,0,0,0,0,1,0,0,0,5,0,0,0,0
9,"38.64281, -90.35817",38.64281,-90.35817,5270,17.2,0.06,1,LJ_LT,7/17/2023,0,90,32.2,30,23.5,overcast,6319,10,B,64440,21180,10,10,0,0,0,0,0,0,0,0,Y,M+F,2,0,0,0,0,0,0,0,0,0,0,0,0,0,0,0,0,0,2,0,0,0,0,0,0,0,0
10,"38.62491, -90.38063",38.62491,-90.38063,3810,9.2,0,1,LJ_LT,7/17/2023,0,90,32.2,24.5,21.79,sunny,NA,9,E,71940,22980,3,2,0,1,0,0,0,0,0,0,Y,M+F,2,1,0,1,0,0,0,0,0,0,0,0,0,0,1,0,0,0,0,0,0,0,0,0,0,0,0
11,"38.64172, -90.39792",38.64172,-90.39792,3680,16.8,0,1,LJ_LT,7/17/2023,0,90,32.2,27.11,21.13,overcast,4456,NA,A,62640,21900,13,13,0,0,0,0,0,0,0,0,Y,M+F,1,1,1,0,0,0,0,0,0,0,0,0,0,0,0,0,0,0,0,0,0,0,0,0,0,0,0
12,"38.64634, -90.26334",38.64634,-90.26334,9060,91.7,0,1,LJ_EP_KW,7/18/2023,0.01,84,28.9,26.68,23.11,sunny,6343,NA,C,66840,25860,11,11,0,0,0,0,0,0,0,0,Y,M+F,2,1,1,0,0,0,0,0,0,0,0,0,0,0,1,0,0,0,0,0,0,0,0,0,0,0,0
13,"38.64735, -90.25915",38.64735,-90.25915,9060,90.6,8.48,1,LJ_EP_KW,7/18/2023,0.01,84,28.9,33.25,24.83,sunny,4456,NA,A,63960,25320,4,4,0,0,0,0,0,0,0,0,N,F,2,1,1,0,0,0,0,0,0,0,0,0,0,0,0,0,0,0,0,0,1,0,0,0,0,0,0
14,"38.64683, -90.26342",38.64683,-90.26342,9060,91.7,0,1,LJ_EP_KW,7/18/2023,0.01,84,28.9,27.5,24.61,sunny,8327,NA,D,68040,26220,3,3,0,0,0,0,0,0,0,0,Y,"M+F, huge! Katie impressed by size",0,0,0,0,0,0,0,0,0,0,0,0,0,0,0,0,0,0,0,0,0,0,0,0,0,0,0
15,"38.64649, -90.26176",38.64649,-90.26176,9060,90.6,0,1,LJ_EP_KW,7/18/2023,0.01,84,28.9,27.2,23.24,sunny,6318,NA,B,65220,27600,3,3,0,0,0,0,0,0,0,0,Y,2F + 1M,3,1,1,0,0,0,0,0,0,0,0,0,0,0,1,0,0,0,0,0,1,0,0,0,0,0,0
16,"38.64174, -90.25992",38.64174,-90.25992,10300,151.1,1.14,1,LJ_EP_KW,7/18/2023,0.01,84,28.9,25.44,23.21,sunny,6319,NA,E,69840,27120,1,1,0,0,0,0,0,0,0,0,N,F,0,0,0,0,0,0,0,0,0,0,0,0,0,0,0,0,0,0,0,0,0,0,0,0,0,0,0
17,"38.62949, -90.29251",38.62949,-90.29251,7770,54.5,0.14,1,LJ_KD,7/19/2023,0.03,87,30.6,28.1,25.05,overcast,6318,NA,B,64080,24120,31,31,0,0,0,0,0,0,0,0,Y,M+F,7,7,2,5,0,0,0,0,0,0,0,0,0,0,0,0,0,0,0,0,0,0,0,0,0,0,0
18,"38.6108, -90.25575",38.6108,-90.25575,7940,38.2,0.34,1,LJ_KD,7/19/2023,0.03,87,30.6,26.72,24.63,overcast,8327,NA,D,68460,22740,22,22,0,0,0,0,0,0,0,0,Y,M+F,8,6,4,2,0,0,0,0,0,0,0,0,0,0,1,0,0,0,1,0,0,0,0,0,0,0,0
19,"38.60546, -90.34378",38.60546,-90.34378,5250,27.2,0,1,LJ_KD,7/19/2023,0.03,87,30.6,27.5,25.2,overcast,6319,7,E,70740,25800,2,2,0,0,0,0,0,0,0,0,N,F,4,3,2,1,0,0,0,0,0,0,0,0,0,0,1,0,0,0,0,0,0,0,0,0,0,0,0
20,"38.62458, -90.3037",38.62458,-90.3037,7280,48.2,0.14,1,LJ_KD,7/19/2023,0.03,87,30.6,28.83,24.58,overcast,4456,NA,A,62400,24660,5,5,0,0,0,0,0,0,0,0,Y,M+F,4,3,1,2,0,0,0,0,0,0,0,0,0,0,0,0,1,0,0,0,0,0,0,0,0,0,0
21,"38.62639, -90.28543",38.62639,-90.28543,8270,112.7,0.12,1,LJ_KD,7/19/2023,0.03,87,30.6,27.24,25.5,overcast,6343,NA,C,66360,23640,12,12,0,0,0,0,0,0,0,0,Y,M+F,5,4,4,0,0,0,0,0,0,0,0,0,0,0,0,0,0,0,1,0,0,0,0,0,0,0,0
22,"38.7532, -90.81357",38.7532,-90.81357,1130,11.8,0,1,EU,7/20/2023,0.07,93,33.9,24.79,20.7,sunny,6319,NA,E,78360,24000,1,0,0,0,0,0,0,0,0,1,N,NA,3,0,0,0,0,0,0,0,0,0,0,0,1,0,0,0,0,0,2,0,0,0,0,0,0,0,0
23,"38.43289, -90.44601",38.43289,-90.44601,1190,2.4,0.02,1,LJ_EU,7/20/2023,0.07,93,33.9,28.01,22.48,sunny,6318,NA,B,67440,29520,4,4,0,0,0,0,0,0,0,0,Y,lost suction and skeets,5,4,3,1,0,0,0,0,0,0,0,0,0,0,0,0,0,0,0,0,0,0,1,0,0,0,0
24,"38.37769, -90.41465",38.37769,-90.41465,1020,3.1,0,1,LJ_EU,7/20/2023,0.07,93,33.9,26.64,20.26,sunny,6343,NA,C,70020,30600,3,3,0,0,0,0,0,0,0,0,Y,M+F,0,0,0,0,0,0,0,0,0,0,0,0,0,0,0,0,0,0,0,0,0,0,0,0,0,0,0
25,"38.52647, -90.56039",38.52647,-90.56039,1120,1.3,0,1,LJ_EU,7/20/2023,0.07,93,33.9,26.9,23.68,sunny,8327,NA,D,73080,26400,4,4,0,0,0,0,0,0,0,0,Y,NA,2,2,2,0,0,0,0,0,0,0,0,0,0,0,0,0,0,0,0,0,0,0,0,0,0,0,0
26,"38.5387, -90.53078",38.5387,-90.53078,1700,1.7,0,1,LJ_EU,7/20/2023,0.07,93,33.9,36.46,20.56,sunny,4456,NA,A,61860,33000,1,1,0,0,0,0,0,0,0,0,Y,vert hot! Trap next to breeding site,3,0,0,0,0,0,0,0,0,0,0,0,0,0,0,0,3,0,0,0,0,0,0,0,0,0,0
27,"38.61113, -90.27887",38.61113,-90.27887,7570,56.1,2.8,1,LJ_TR,7/24/2023,0.37,93,33.9,34.15,23.5,cloudy,4456,7,A,62220,22500,2,2,0,0,0,0,0,0,0,0,Y,NA,13,10,4,6,0,0,0,0,0,0,0,0,0,0,0,0,0,0,3,0,0,0,0,0,0,0,0
28,"38.60357, -90.26492",38.60357,-90.26492,7650,53.8,0,1,LJ_TR,7/24/2023,0.37,93,33.9,30.5,26.83,cloudy,8327,8,D,67080,24480,48,48,0,0,0,0,0,0,0,0,Y,so many,92,89,31,58,0,0,0,0,0,0,0,0,0,0,0,0,0,0,3,0,0,0,0,0,0,0,0
29,"38.5972, -90.27284",38.5972,-90.27284,7710,75.6,0.02,1,LJ_TR,7/24/2023,0.37,93,33.9,30,23.38,cloudy,6343,1,C,65460,23880,18,17,0,0,0,0,0,0,0,1,Y,NA,19,16,11,5,1,0,0,0,0,0,0,0,0,0,0,0,0,0,2,0,0,0,0,0,0,0,0
30,"38.59572, -90.2895",38.59572,-90.2895,6920,63.5,1.36,1,LJ_TR,7/24/2023,0.37,93,33.9,29.81,23.34,cloudy,6318,10,B,63720,23220,14,14,0,0,0,0,0,0,0,0,Y,way lots of tigers,10,10,6,4,0,0,0,0,0,0,0,0,0,0,0,0,0,0,0,0,0,0,0,0,0,0,0
31,"38.60209, -90.25852",38.60209,-90.25852,7650,42.4,0.04,1,LJ_TR,7/24/2023,0.37,93,33.9,29.5,25.46,cloudy,6319,9,E,68460,24960,33,33,0,0,0,0,0,0,0,0,Y,so many; HOBO power reset,6,5,5,0,0,0,0,0,0,0,0,0,0,0,0,0,0,0,0,0,1,0,0,0,0,0,0
32,"38.61249, -90.25454",38.61249,-90.25454,7940,38.2,0.92,1,LJ_TR,7/25/2023,0.46,98,36.7,37.5,30.88,sunny,6343,1,C,66120,22860,14,14,0,0,0,0,0,0,0,0,Y,NA,27,26,9,17,0,0,0,0,0,0,0,0,0,0,0,0,0,0,0,0,1,0,0,0,0,0,0
33,"38.63979, -90.25516",38.63979,-90.25516,10500,150.6,1.2,1,LJ_TR,7/25/2023,0.46,98,36.7,35,29.78,cloudy,8327,8,D,67920,21660,3,3,0,0,0,0,0,0,0,0,Y,several flying in garden but not hostseeking; not loads like other houses,23,20,11,9,0,0,0,0,0,0,0,0,0,0,0,0,0,0,3,0,0,0,0,0,0,0,0
34,"38.64851, -90.28146",38.64851,-90.28146,8450,93.9,0.16,1,LJ_TR,7/25/2023,0.46,98,36.7,35.6,30.08,sunny,4456,7,A,62460,24600,1,1,0,0,0,0,0,0,0,0,N,NA,8,2,2,0,0,0,0,0,0,0,0,0,0,0,0,0,0,0,2,0,3,0,0,0,0,0,1
35,"38.61469, -90.24233",38.61469,-90.24233,9240,67.2,0.06,1,LJ_TR,7/25/2023,0.46,98,36.7,30,25.83,sunny,6318,10,B,64680,23340,17,17,0,0,0,0,0,0,0,0,Y,so many; several males,31,29,16,13,0,0,0,0,0,0,0,0,0,0,1,0,0,0,1,0,0,0,0,0,0,0,0
36,"38.63945, -90.25653",38.63945,-90.25653,10500,150.6,0.02,1,LJ_TR,7/25/2023,0.46,98,36.7,32.5,29.1,cloudy,6319,9,E,69540,21960,57,56,0,1,0,0,0,0,0,0,Y,NA,49,47,31,16,0,0,0,0,0,0,0,0,0,0,0,0,0,0,2,0,0,0,0,0,0,0,0
37,"38.65192, -90.3011",38.65192,-90.3011,7370,84,0.02,1,LJ_KD,7/26/2023,0.56,95,35,30,27.35,sunny,6343,1,C,65940,24600,18,18,0,0,0,0,0,0,0,0,N,NA,5,2,1,1,0,0,1,0,0,0,0,0,0,0,0,0,0,0,2,0,0,0,0,0,0,0,0
38,"38.63951, -90.30644",38.63951,-90.30644,7200,46.5,0.38,1,LJ_KD,7/26/2023,0.56,95,35,28,26.17,sunny,8327,8,D,67380,25500,29,28,0,1,0,0,0,0,0,0,Y,NA,24,24,16,8,0,0,0,0,0,0,0,0,0,0,0,0,0,0,0,0,0,0,0,0,0,0,0
39,"38.6509, -90.30732",38.6509,-90.30732,7370,82.3,0,1,LJ_KD,7/26/2023,0.56,95,35,29,26.67,sunny,4456,7,A,62700,23400,7,7,0,0,0,0,0,0,0,0,N,NA,7,5,3,2,0,0,0,0,0,0,0,0,0,0,0,0,0,0,2,0,0,0,0,0,0,0,0
40,"38.65211, -90.30701",38.65211,-90.30701,7370,82.3,0,1,LJ_KD,7/26/2023,0.56,95,35,32,28.34,sunny,6318,10,B,63780,24180,22,22,0,0,0,0,0,0,0,0,Y,NA,22,20,19,1,0,0,0,0,0,0,0,0,0,0,0,0,1,0,1,0,0,0,0,0,0,0,0
41,"38.65606, -90.38944",38.65606,-90.38944,3790,14.9,0.08,1,LJ_LT,7/27/2023,0.67,100,37.8,32.5,26.42,sunny,6343,10,C,66420,27000,0,0,0,0,0,0,0,0,0,0,Y,"one or two; very Hot; error with stick number written, 10 written twice for two different sites",3,0,0,0,0,0,0,0,0,0,0,0,0,0,0,0,1,0,1,0,0,0,1,0,0,0,0
42,"38.67022, -90.36626",38.67022,-90.36626,4690,20.3,0,1,LJ_LT,7/27/2023,0.67,100,37.8,33,27.58,sunny,6318,3,B,64740,26400,2,2,0,0,0,0,0,0,0,0,Y,NA,17,13,10,3,0,0,0,0,0,0,0,0,0,0,0,0,3,0,1,0,0,0,0,0,0,0,0
43,"38.65368, -90.41469",38.65368,-90.41469,3560,12.8,0,1,LJ_LT,7/27/2023,0.67,100,37.8,32.5,26.42,sunny,8327,10,D,68040,27960,24,24,0,0,0,0,0,0,0,0,Y,"error with stick number written, 10 written twice for two different sites",9,7,4,3,0,0,0,0,0,0,0,0,0,0,0,0,0,0,0,0,0,0,2,0,0,0,0
44,"38.71068, -90.4186",38.71068,-90.4186,4890,45.1,0.16,1,LJ_LT,7/27/2023,0.67,100,37.8,36,29.94,sunny,4456,7,A,62760,25200,20,20,0,0,0,0,0,0,0,0,Y,NA,20,12,8,4,1,1,0,0,0,0,1,0,0,0,0,0,0,0,4,0,1,0,0,0,0,0,0
45,"38.65207, -90.42964",38.65207,-90.42964,3350,9.2,0,1,LJ_LT,7/27/2023,0.67,100,37.8,31,27.86,sunny,6319,9,E,69180,28560,12,12,0,0,0,0,0,0,0,0,Y,did not get HOBO data,3,1,0,1,0,0,0,0,0,0,0,0,0,0,0,0,0,0,0,0,0,0,2,0,0,0,0
46,"38.65282, -90.31912",38.65282,-90.31912,6500,36.1,0.04,1,LJ_KD,7/31/2023,0.98,84,28.9,26,23.79,light_rain,4456,7,A,61860,23040,15,15,0,0,0,0,0,0,0,0,Y,"tiny stem caught on funnel, leaving it not completely flush but the gap was small and probably didn't affect who could get out",6,3,1,2,0,0,0,0,0,0,0,0,0,0,0,0,0,0,3,0,0,0,0,0,0,0,0
47,"38.65978, -90.33032",38.65978,-90.33032,5870,23.8,0,1,LJ_KD,7/31/2023,0.98,84,28.9,26,21.61,overcast,8327,8,D,66420,24600,16,16,0,0,0,0,0,0,0,0,Y,NA,20,16,14,2,0,0,0,0,0,0,0,0,0,0,3,0,0,0,0,0,1,0,0,0,0,0,0
48,"38.66039, -90.33202",38.66039,-90.33202,5870,23.8,0,1,LJ_KD,7/31/2023,0.98,84,28.9,25.5,22.91,overcast,6319,9,E,67740,24900,20,20,0,0,0,0,0,0,0,0,Y,NA,12,3,3,0,0,0,0,0,0,0,0,0,0,0,1,0,0,0,8,0,0,0,0,0,0,0,0
49,"38.65652, -90.32025",38.65652,-90.32025,6180,26,0,1,LJ_KD,7/31/2023,0.98,84,28.9,25.5,23.5,light_rain,6318,3,B,63240,23520,15,15,0,0,0,0,0,0,0,0,Y,NA,7,5,4,1,0,0,0,0,0,0,0,0,0,0,0,0,1,0,1,0,0,0,0,0,0,0,0
50,"38.65916, -90.31697",38.65916,-90.31697,6180,27.7,0,1,LJ_KD,7/31/2023,0.98,84,28.9,26,21.13,overcast,6343,10,C,64980,24060,27,27,0,0,0,0,0,0,0,0,Y,NA,10,2,2,0,0,0,0,0,0,0,0,0,0,0,2,0,0,0,4,0,2,0,0,0,0,0,0
51,"38.58447, -90.39409",38.58447,-90.39409,3720,18.2,0,1,LJ_AW,8/1/2023,1,86,30,35.82,23.51,sunny,6318,3,B,62940,22380,73,73,0,0,0,0,0,0,0,0,Y,so many!,42,32,15,17,0,0,0,0,0,0,0,0,0,0,6,0,0,0,0,0,1,0,3,0,0,0,0
52,"38.62262, -90.46147",38.62262,-90.46147,3030,17,0,1,LJ_AW,8/1/2023,1,86,30,25,23.04,sunny,8327,8,D,69180,24180,16,15,0,1,0,0,0,0,0,0,Y,set up at side of house and caught for 5 minutes and caugh 3 albo females,5,5,4,1,0,0,0,0,0,0,0,0,0,0,0,0,0,0,0,0,0,0,0,0,0,0,0
53,"38.55025, -90.39806",38.55025,-90.39806,3560,38.7,0,1,LJ_AW,8/1/2023,1,86,30,24.5,22.96,sunny,6319,9,E,71280,18300,27,27,0,0,0,0,0,0,0,0,Y,so many; issue with HOBO 6319,6,3,3,0,0,0,0,0,0,0,0,0,0,0,1,0,0,0,1,0,0,0,1,0,0,0,0
54,"38.57976, -90.3864",38.57976,-90.3864,3670,18.3,0.4,1,LJ_AW,8/1/2023,1,86,30,36,23.81,sunny,4456,7,A,61200,21780,24,24,0,0,0,0,0,0,0,0,Y,NA,5,5,3,2,0,0,0,0,0,0,0,0,0,0,0,0,0,0,0,0,0,0,0,0,0,0,0
55,"38.57916, -90.42449",38.57916,-90.42449,3560,17.1,0.04,1,LJ_AW,8/1/2023,1,86,30,27,22.96,sunny,6343,10,C,65100,23040,9,9,0,0,0,0,0,0,0,0,Y,NA,4,3,2,1,0,0,0,0,0,0,0,0,0,0,1,0,0,0,0,0,0,0,0,0,0,0,0
56,"38.62949, -90.29251",38.62949,-90.29251,7770,54.5,0.14,2,LJ_TR,8/2/2023,0.99,83,28.3,25,23.75,cloudy_rained,6319,3,C,66060,24480,60,59,0,1,0,0,0,0,0,0,Y,NA,9,6,2,4,0,0,0,0,0,0,0,0,0,0,0,0,0,0,3,0,0,0,0,0,0,0,0
57,"38.6108, -90.25575",38.6108,-90.25575,7940,38.2,0.34,2,LJ_TR,8/2/2023,0.99,83,28.3,26.5,22.98,cloudy_rained,8327,8,A,62760,22800,34,32,0,2,0,0,0,0,0,0,Y,NA,10,1,1,0,0,0,0,0,0,0,0,0,0,0,7,0,1,0,1,0,0,0,0,0,0,0,0
58,"38.60546, -90.34378",38.60546,-90.34378,5250,27.2,0,2,LJ_TR,8/2/2023,0.99,83,28.3,24.5,22.67,cloudy_rained,6318,9,E,69780,25800,2,2,0,0,0,0,0,0,0,0,Y,few,0,0,0,0,0,0,0,0,0,0,0,0,0,0,0,0,0,0,0,0,0,0,0,0,0,0,0
59,"38.62458, -90.3037",38.62458,-90.3037,7280,48.2,0.14,2,LJ_TR,8/2/2023,0.99,83,28.3,26.5,23.83,cloudy_rained,4456,7,D,68040,24840,4,4,0,0,0,0,0,0,0,0,Y,few,4,3,1,2,0,0,0,0,0,0,0,0,0,0,1,0,0,0,0,0,0,0,0,0,0,0,0
60,"38.62639, -90.28543",38.62639,-90.28543,8270,112.7,0.12,2,LJ_TR,8/2/2023,0.99,83,28.3,25,22.65,cloudy_rained,6343,10,B,64560,24000,30,28,0,2,0,0,0,0,0,0,Y,NA,3,2,2,0,0,0,0,0,0,0,0,0,0,0,0,0,0,0,1,0,0,0,0,0,0,0,0
61,"38.59591, -90.60173",38.59591,-90.60173,2070,8.5,12.26,2,LJ_LT,8/7/2023,0.6,83,28.3,25,20.31,sunny,6343,8,C,65940,25680,14,14,0,0,0,0,0,0,0,0,Y,NA,0,0,0,0,0,0,0,0,0,0,0,0,0,0,0,0,0,0,0,0,0,0,0,0,0,0,0
62,"38.59823, -90.5981",38.59823,-90.5981,2320,8.3,0,2,LJ_LT,8/7/2023,0.6,83,28.3,25.5,20.19,sunny,6319,9,B,64560,25140,23,23,0,0,0,0,0,0,0,0,Y,NA,1,1,0,1,0,0,0,0,0,0,0,0,0,0,0,0,0,0,0,0,0,0,0,0,0,0,0
63,"38.66461, -90.54289",38.66461,-90.54289,2690,29.7,0.08,1,LJ_LT,8/7/2023,0.6,83,28.3,29.5,23.06,sunny,8327,10,A,62100,24060,7,5,1,0,0,1,0,0,0,0,Y,NA,7,1,1,0,0,0,0,0,0,0,0,0,0,0,3,0,1,0,1,0,0,1,0,0,0,0,0
64,"38.56617, -90.52694",38.56617,-90.52694,2370,18.4,0,1,LJ_LT,8/7/2023,0.6,83,28.3,24,21.5,sunny,6318,7,D,68280,27000,44,44,0,0,0,0,0,0,0,0,Y,NA,4,4,3,1,0,0,0,0,0,0,0,0,0,0,0,0,0,0,0,0,0,0,0,0,0,0,0
65,"38.64634, -90.26334",38.64634,-90.26334,9060,91.7,0,2,LJ_TR,8/8/2023,0.49,88,31.1,29.5,23.25,sunny,NA,10,A,61380,25260,35,35,0,0,0,0,0,0,0,0,Y,NA,8,7,7,0,0,0,0,0,0,0,0,0,0,0,0,0,0,0,0,0,1,0,0,0,0,0,0
66,"38.64735, -90.25915",38.64735,-90.25915,9060,90.6,8.48,2,LJ_TR,8/8/2023,0.49,88,31.1,33.5,26.17,sunny,NA,9,D,65280,26280,4,4,0,0,0,0,0,0,0,0,N,NA,2,1,1,0,0,0,0,0,0,0,0,0,0,0,0,0,0,0,0,0,1,0,0,0,0,0,0
67,"38.64683, -90.26342",38.64683,-90.26342,9060,91.7,0,2,LJ_TR,8/8/2023,0.49,88,31.1,31.5,23.9,sunny,NA,8,B,62700,25560,2,2,0,0,0,0,0,0,0,0,Y,NA,2,1,0,1,0,0,0,0,1,0,0,0,0,0,0,0,0,0,0,0,0,0,0,0,0,0,0
68,"38.64649, -90.26176",38.64649,-90.26176,9060,90.6,0,2,LJ_TR,8/8/2023,0.49,88,31.1,28,22.6,sunny,NA,7,C,64080,26040,6,6,0,0,0,0,0,0,0,0,N,NA,11,5,5,0,0,0,0,0,1,0,0,0,0,0,0,0,0,0,2,0,3,0,0,0,0,0,0
69,"38.64281, -90.35817",38.64281,-90.35817,5270,17.2,0.06,2,LJ_LT,8/9/2023,0.39,80,26.7,23,21.23,overcast,NA,10,C,65160,25980,15,14,0,0,0,0,0,0,0,1,Y,NA,4,1,1,0,0,0,0,0,0,0,0,0,0,0,2,0,0,0,1,0,0,0,0,0,0,0,0
70,"38.62491, -90.38063",38.62491,-90.38063,3810,9.2,0,2,LJ_LT,8/9/2023,0.39,80,26.7,23.5,20.98,overcast,NA,8,B,63480,24480,18,16,0,1,0,1,0,0,0,0,Y,NA,4,1,1,0,0,0,0,0,0,0,0,0,0,0,0,0,0,0,1,0,0,0,0,0,2,0,0
71,"38.65207, -90.42964",38.65207,-90.42964,3350,9.2,0,2,LJ_LT,8/9/2023,0.39,80,26.7,23.5,21.15,overcast,NA,7,D,67020,27000,7,5,0,2,0,0,0,0,0,0,Y,NA,2,2,2,0,0,0,0,0,0,0,0,0,0,0,0,0,0,0,0,0,0,0,0,0,0,0,0
72,"38.64172, -90.39792",38.64172,-90.39792,3680,16.8,0,2,LJ_LT,8/9/2023,0.39,80,26.7,25.5,21.13,overcast,NA,9,A,61680,25320,22,22,0,0,0,0,0,0,0,0,Y,NA,4,3,3,0,0,0,0,0,0,0,0,0,0,0,0,0,0,0,0,0,0,0,1,0,0,0,0
73,"38.65606, -90.38944",38.65606,-90.38944,3790,14.9,0.08,2,LJ_LT,8/10/2023,0.29,88,31.1,26.5,21.83,sunny,NA,10,C,65880,26700,1,1,0,0,0,0,0,0,0,0,Y,1 mosquito on shutter lid that I let go; uknown ID,1,0,0,0,0,0,0,0,0,0,0,0,0,0,0,0,1,0,0,0,0,0,0,0,0,0,0
74,"38.67022, -90.36626",38.67022,-90.36626,4690,20.3,0,2,LJ_LT,8/10/2023,0.29,88,31.1,28.5,21.73,sunny,NA,9,B,64140,26160,35,35,0,0,0,0,0,0,0,0,Y,NA,2,1,1,0,0,0,0,0,0,0,0,0,0,0,1,0,0,0,0,0,0,0,0,0,0,0,0
75,"38.65368, -90.41469",38.65368,-90.41469,3560,12.8,0,2,LJ_LT,8/10/2023,0.29,88,31.1,27.5,21.96,sunny,NA,8,D,67260,27900,18,18,0,0,0,0,0,0,0,0,Y,NA,1,1,1,0,0,0,0,0,0,0,0,0,0,0,0,0,0,0,0,0,0,0,0,0,0,0,0
76,"38.71068, -90.4186",38.71068,-90.4186,4890,45.1,0.16,2,LJ_LT,8/10/2023,0.29,88,31.1,27.5,21.35,sunny,NA,7,A,61980,25320,74,73,0,1,0,0,0,0,0,0,Y,so many!,21,17,17,0,0,0,0,0,0,0,0,0,0,0,0,0,0,0,4,0,0,0,0,0,0,0,0
77,"38.60357, -90.26492",38.60357,-90.26492,7650,53.8,0,2,LJ_KW,8/14/2023,0.03,84,28.9,25.5,21.21,sunny_windy,NA,10,A,62520,31320,19,19,0,0,0,0,0,0,0,0,Y,NA,7,5,5,0,0,0,0,0,0,0,0,0,0,0,0,0,0,0,1,0,0,0,0,0,0,0,0
78,"38.5972, -90.27284",38.5972,-90.27284,7710,75.6,0.02,2,LJ_KW,8/14/2023,0.03,84,28.9,24,20.48,sunny_windy,NA,8,C,65520,32100,14,12,0,0,0,0,0,0,0,0,Y,"2 stripy legs and dark gray, couldn't ID further",18,7,6,1,0,0,0,0,0,0,0,0,0,0,0,0,1,0,9,0,1,0,0,0,0,0,0
79,"38.59572, -90.2895",38.59572,-90.2895,6920,63.5,1.36,2,LJ_KW,8/14/2023,0.03,84,28.9,23,20.67,sunny,NA,9,D,66960,32580,25,25,0,0,0,0,0,0,0,0,Y,NA,4,4,3,1,0,0,0,0,0,0,0,0,0,0,0,0,0,0,0,0,0,0,0,0,0,0,0
80,"38.60209, -90.25852",38.60209,-90.25852,7650,42.4,0.04,2,LJ_KW,8/14/2023,0.03,84,28.9,24.5,21.23,sunny,NA,7,B,63900,30780,54,53,0,0,0,0,1,0,0,0,Y,NA,4,4,3,1,0,0,0,0,0,0,0,0,0,0,0,0,0,0,0,0,0,0,0,0,0,0,0
81,"38.61249, -90.25454",38.61249,-90.25454,7940,38.2,0.92,2,LJ_LT,8/15/2023,0.01,78,25.6,24,19.38,overcast,NA,8,A,62520,32400,9,9,0,0,0,0,0,0,0,0,Y,"cold in morning, no activity when picking up trap",1,0,0,0,0,0,0,0,0,0,0,0,0,0,0,0,0,0,1,0,0,0,0,0,0,0,0
82,"38.63979, -90.25516",38.63979,-90.25516,10500,150.6,1.2,2,LJ_LT,8/15/2023,0.01,78,25.6,25.5,19.58,overcast,NA,10,D,66780,30960,10,10,0,0,0,0,0,0,0,0,Y,"mosquitoes flying about potato plants, not interseted in hostseeking; cold in morning, no activity when picking up trap",3,2,1,1,0,0,0,0,0,0,0,0,0,0,1,0,0,0,0,0,0,0,0,0,0,0,0
83,"38.61469, -90.24233",38.61469,-90.24233,9240,67.2,0.06,2,LJ_LT,8/15/2023,0.01,78,25.6,23,18.96,overcast,NA,7,B,63660,32940,42,42,0,0,0,0,0,0,0,0,Y,"lost some while hostseeking trapping about 5; so many!; cold in morning, no activity when picking up trap",1,0,0,0,0,0,0,0,0,0,0,0,0,0,0,0,0,0,0,1,0,0,0,0,0,0,0
84,"38.63945, -90.25653",38.63945,-90.25653,10500,150.6,0.02,2,LJ_LT,8/15/2023,0.01,78,25.6,22.5,19.63,overcast,NA,9,C,65340,31380,95,95,0,0,0,0,0,0,0,0,Y,"so many!; saw non albos hostseeking but didnâ€™t catch any; cold in morning, no activity when picking up trap",5,2,2,0,0,0,0,0,0,0,0,0,0,0,0,0,0,0,3,0,0,0,0,0,0,0,0
85,"38.6018, -90.25168",38.6018,-90.25168,7810,32,0.06,2,LJ_TR,8/16/2023,0,84,28.9,25,21.26,sunny,NA,7,B,63240,29160,49,49,0,0,0,0,0,0,0,0,Y,"so many!; cold in morning, no activity when picking up trap",20,20,9,11,0,0,0,0,0,0,0,0,0,0,0,0,0,0,0,0,0,0,0,0,0,0,0
86,"38.60329, -90.26452",38.60329,-90.26452,7650,53.8,0.26,2,LJ_TR,8/16/2023,0,84,28.9,41.5,21.22,sunny,NA,8,A,61800,28560,41,41,0,0,0,0,0,0,0,0,Y,"so many!; cold in morning, no activity when picking up trap",4,1,0,1,0,0,0,0,0,0,0,0,0,0,0,0,0,0,3,0,0,0,0,0,0,0,0
87,"38.57172, -90.2428",38.57172,-90.2428,6220,39.4,0.5,1,LJ_TR,8/16/2023,0,84,28.9,25.5,18.74,sunny,NA,9,D,66540,NA,25,25,0,0,0,0,0,0,0,0,Y,NA,6,5,2,3,0,0,0,0,0,0,0,0,0,0,0,0,0,0,1,0,0,0,0,0,0,0,0
88,"38.7532, -90.81357",38.7532,-90.81357,1130,11.8,0,2,EU,8/17/2023,0.01,87,30.6,19.5,14.19,sunny,NA,8,D,72840,30600,4,3,1,0,0,0,0,0,0,0,Y,Not many,0,0,0,0,0,0,0,0,0,0,0,0,0,0,0,0,0,0,0,0,0,0,0,0,0,0,0
89,"38.43289, -90.44601",38.43289,-90.44601,1190,2.4,0.02,2,LJ_EU,8/17/2023,0.01,87,30.6,25,18.73,sunny,NA,9,B,63240,36360,36,36,0,0,0,0,0,0,0,0,Y,NA,2,1,1,0,0,0,0,0,0,0,0,0,0,0,0,0,0,0,1,0,0,0,0,0,0,0,0
90,"38.37769, -90.41465",38.37769,-90.41465,1020,3.1,0,2,LJ_EU,8/17/2023,0.01,87,30.6,24,15.33,sunny,NA,10,C,65520,37680,0,0,0,0,0,0,0,0,0,0,N,almost no other bugs,0,0,0,0,0,0,0,0,0,0,0,0,0,0,0,0,0,0,0,0,0,0,0,0,0,0,0
91,"38.5387, -90.53078",38.5387,-90.53078,1700,1.7,0,2,LJ_EU,8/17/2023,0.01,87,30.6,39.5,15.46,sunny,NA,7,A,59940,34380,2,1,0,0,0,1,0,0,0,0,N,NA,1,0,0,0,0,0,0,0,0,0,0,0,0,0,0,0,0,0,1,0,0,0,0,0,0,0,0
92,"38.52647, -90.56039",38.52647,-90.56039,1120,1.3,0,2,LJ,8/18/2023,0.04,84,28.9,24.5,21,sunny,NA,10,A,67800,28020,2,2,0,0,0,0,0,0,0,0,N,So many so fast,0,0,0,0,0,0,0,0,0,0,0,0,0,0,0,0,0,0,0,0,0,0,0,0,0,0,0
93,"38.65192, -90.3011",38.65192,-90.3011,7370,84,0.02,2,LJ_KW,8/21/2023,0.22,95,35,30.5,27.67,cloudy,NA,9,C,63300,26400,3,3,0,0,0,0,0,0,0,0,Y,NA,6,6,6,0,0,0,0,0,0,0,0,0,0,0,0,0,0,0,0,0,0,0,0,0,0,0,0
94,"38.63951, -90.30644",38.63951,-90.30644,7200,46.5,0.38,2,LJ_KW,8/21/2023,0.22,95,35,32.5,26.67,partial_cloud,NA,3,D,64560,27000,6,6,0,0,0,0,0,0,0,0,Y,NA,7,5,5,0,0,0,0,0,0,0,0,0,0,0,0,0,2,0,0,0,0,0,0,0,0,0,0
95,"38.6509, -90.30732",38.6509,-90.30732,7370,82.3,0,2,LJ_KW,8/21/2023,0.22,95,35,33.5,27.67,partial_cloud,NA,10,A,60780,25200,6,6,0,0,0,0,0,0,0,0,N,NA,5,5,4,1,0,0,0,0,0,0,0,0,0,0,0,0,0,0,0,0,0,0,0,0,0,0,0
96,"38.65211, -90.30701",38.65211,-90.30701,7370,82.3,0,2,LJ_KW,8/21/2023,0.22,95,35,35,28.06,cloudy,NA,8,B,61860,25800,43,42,0,1,0,0,0,0,0,0,Y,So many,31,30,20,10,0,0,0,0,0,0,0,0,0,0,0,0,0,0,1,0,0,0,0,0,0,0,0
97,"38.65978, -90.33032",38.65978,-90.33032,5870,23.8,0,2,LJ_TR,8/22/2023,0.31,100,37.8,30.5,26.88,cloudy,NA,3,C,64800,27000,31,31,0,0,0,0,0,0,0,0,Y,NA,44,40,35,5,0,0,0,0,0,0,0,0,0,0,1,0,1,0,2,0,0,0,0,0,0,0,0
98,"38.66039, -90.33202",38.66039,-90.33202,5870,23.8,0,2,LJ_TR,8/22/2023,0.31,100,37.8,33,29.17,cloudy,NA,10,D,66120,27300,9,9,0,0,0,0,0,0,0,0,Y,"Not sure if temp related (31C), but way less active",25,23,14,9,0,0,0,0,0,0,0,0,0,0,0,0,0,0,1,0,0,0,1,0,0,0,0
99,"38.65652, -90.32025",38.65652,-90.32025,6180,26,0,2,LJ_TR,8/22/2023,0.31,100,37.8,33,27.52,cloudy,NA,8,A,61800,25740,38,37,0,1,0,0,0,0,0,0,Y,So many; at least 15 active,45,39,24,15,0,0,0,0,0,0,1,0,0,0,1,0,1,0,3,0,0,0,0,0,0,0,0
100,"38.65916, -90.31697",38.65916,-90.31697,6180,27.7,0,2,LJ_TR,8/22/2023,0.31,100,37.8,32.5,26.46,cloudy,NA,9,B,63540,26400,5,4,0,1,0,0,0,0,0,0,Y,Lots seen but didn't catch,32,29,21,8,0,0,0,0,0,0,0,0,0,0,0,0,0,0,1,0,1,0,1,0,0,0,0
101,"38.58447, -90.39409",38.58447,-90.39409,3720,18.2,0,2,LJ_EU,8/23/2023,0.41,99,37.2,35,26.69,cloudy,NA,8,B,62940,28800,13,13,0,0,0,0,0,0,0,0,Y,"Could see swarms in sunlight last trip, essentially nothing this time",20,20,13,7,0,0,0,0,0,0,0,0,0,0,0,0,0,0,0,0,0,0,0,0,0,0,0
102,"38.62262, -90.46147",38.62262,-90.46147,3030,17,0,2,LJ_EU,8/23/2023,0.41,99,37.2,30,26.6,cloudy,NA,10,D,66600,27000,21,21,0,0,0,0,0,0,0,0,Y,NA,5,3,3,0,0,0,0,0,0,0,0,0,0,0,0,0,0,0,1,0,0,0,1,0,0,0,0
103,"38.55025, -90.39806",38.55025,-90.39806,3560,38.7,0,2,LJ_EU,8/23/2023,0.41,99,37.2,32,26.96,cloudy,NA,3,A,61020,29940,19,18,1,0,0,0,0,0,0,0,Y,NA,14,14,11,3,0,0,0,0,0,0,0,0,0,0,0,0,0,0,0,0,0,0,0,0,0,0,0
104,"38.57916, -90.42449",38.57916,-90.42449,3560,17.1,0.04,2,LJ_EU,8/23/2023,0.41,99,37.2,32.5,25.85,cloudy,NA,9,C,64680,28080,10,10,0,0,0,0,0,0,0,0,N,NA,6,6,4,2,0,0,0,0,0,0,0,0,0,0,0,0,0,0,0,0,0,0,0,0,0,0,0
105,"38.61113, -90.27887",38.61113,-90.27887,7570,56.1,2.8,2,LJ_KW,8/24/2023,0.51,101,38.3,34.5,27.92,sunny_hot_slightwind,NA,3,C,64740,31200,17,17,0,0,0,0,0,0,0,0,Y,NA,19,14,11,3,0,0,0,0,0,0,0,0,0,0,1,0,1,0,3,0,0,0,0,0,0,0,0
106,"38.64851, -90.28146",38.64851,-90.28146,8450,93.9,0.16,2,LJ_KW,8/24/2023,0.51,101,38.3,38.5,30.15,sunny_hot,NA,9,A,61140,27900,0,0,0,0,0,0,0,0,0,0,N,NA,6,3,1,2,0,0,0,0,0,0,0,0,0,0,0,0,0,0,1,0,2,0,0,0,0,0,0
107,"38.65282, -90.31912",38.65282,-90.31912,6500,36.1,0.04,2,LJ_KW,8/24/2023,0.51,101,38.3,35.5,28.9,sunny_hot,NA,8,B,62760,29100,11,11,0,0,0,0,0,0,0,0,Y,NA,24,24,18,6,0,0,0,0,0,0,0,0,0,0,0,0,0,0,0,0,0,0,0,0,0,0,0
108,"38.64174, -90.25992",38.64174,-90.25992,10300,151.1,1.14,2,LJ_KW,8/24/2023,0.51,101,38.3,31,28.02,sunny_hot,NA,10,D,66540,30300,4,3,0,1,0,0,0,0,0,0,Y,2 flying around trap,16,5,4,1,0,0,0,0,0,0,0,0,0,0,0,0,0,0,1,0,0,0,2,0,0,0,8
109,"38.66461, -90.54289",38.66461,-90.54289,2690,29.7,0.08,2,LJ_EU,8/28/2023,0.9,83,28.3,29,22.8,sunny,NA,8,A,63480,26760,18,18,0,0,0,0,0,1,0,0,Y,NA,8,0,0,0,0,0,0,0,0,0,0,0,0,0,0,0,1,0,4,0,3,0,0,0,0,0,0
110,"38.56617, -90.52694",38.56617,-90.52694,2370,18.4,0,2,LJ_EU,8/28/2023,0.9,83,28.3,27.5,21.27,sunny,NA,10,B,65700,28260,33,33,0,0,0,0,0,0,0,0,Y,NA,1,0,0,0,0,0,0,0,0,0,0,0,0,0,1,0,0,0,0,0,0,0,0,0,0,0,0
111,"38.61176, -90.31839",38.61176,-90.31839,6480,48.7,0.04,2,LJ_TR,8/29/2023,0.96,87,30.6,28.5,21.46,sunny,NA,8,A,61440,25500,22,22,0,0,0,0,0,0,0,0,Y,NA,16,11,9,2,0,0,0,0,0,0,0,0,0,0,3,0,0,0,1,0,0,0,1,0,0,0,0
112,"38.60555, -90.3557",38.60555,-90.3557,4910,33.6,0.08,2,LJ_TR,8/29/2023,0.96,87,30.6,29,21.98,sunny,NA,10,B,63240,26100,116,113,3,0,0,0,0,0,0,0,Y,NA,17,14,13,1,0,0,0,0,0,0,0,0,0,0,2,0,0,0,0,0,0,0,1,0,0,0,0
113,"38.57976, -90.3864",38.57976,-90.3864,3670,18.3,0.4,2,LJ_TR,8/29/2023,0.96,87,30.6,27.5,22.58,sunny,NA,9,C,65280,27120,36,36,0,0,0,0,0,0,0,0,Y,NA,10,9,7,2,0,0,0,0,0,0,0,0,0,0,0,0,0,0,0,0,1,0,0,0,0,0,0
114,"38.65386, -90.19804",38.65386,-90.19804,9980,58.3,0.96,2,LJ_TR,8/30/2023,0.99,82,27.8,21,17.69,sunny,NA,9,C,67980,25800,69,68,0,1,0,0,0,0,0,0,Y,NA,1,1,1,0,0,0,0,0,0,0,0,0,0,0,0,0,0,0,0,0,0,0,0,0,0,0,0
115,"38.59508, -90.25113",38.59508,-90.25113,7800,73.8,0.24,2,LJ_TR,8/30/2023,0.99,82,27.8,24.5,17.85,sunny,NA,10,A,61800,27000,21,19,0,2,0,0,0,0,0,0,Y,NA,13,4,4,0,0,0,0,0,0,0,0,0,0,0,7,0,0,0,2,0,0,0,0,0,0,0,0
116,"38.57172, -90.2428",38.57172,-90.2428,6220,39.4,0.5,2,LJ_TR,8/30/2023,0.99,82,27.8,25,15.73,sunny,NA,8,B,63540,NA,4,4,0,0,0,0,0,0,0,0,Y,NA,6,1,1,0,0,0,0,0,0,0,0,0,0,0,2,0,0,0,3,0,0,0,0,0,0,0,0
